Partition,Codon,alpha,beta,alpha=beta,LRT,p-value,Total branch length class,
1,1,0,0,0,0,1,0,Invariable
1,2,0.362,0,0.058,3.526,0.0604,0.367,Purifying
1,3,0.174,0.517,0.381,0.841,0.3592,2.419,Neutral
1,4,5.879,0.435,0.922,6.428,0.0112,5.855,Purifying
1,5,1.117,0.589,0.712,0.368,0.544,4.523,Neutral
1,6,9.713,0.103,0.693,13.905,0.0002,4.402,Purifying
1,7,0.693,0.075,0.156,2.343,0.1259,0.994,Neutral
1,8,1.203,0.161,0.408,3.971,0.0463,2.588,Purifying
1,9,0,0,0,0,1,0,Invariable
1,10,0,0,0,0,1,0,Invariable
1,11,0.554,0.402,0.445,0.107,0.7436,2.825,Neutral
1,12,0.323,0.189,0.235,0.244,0.621,1.494,Neutral
1,13,0.767,0.085,0.273,3.378,0.0661,1.731,Purifying
1,14,0.478,0.508,0.5,0.003,0.9592,3.176,Neutral
1,15,0.411,0,0.141,4.039,0.0445,0.893,Purifying
1,16,0.173,0.206,0.194,0.018,0.8932,1.234,Neutral
1,17,6.928,0.186,0.371,8.441,0.0037,2.357,Purifying
1,18,0,0.479,0.289,3.857,0.0495,1.832,Diversifying
1,19,31.471,0.367,0.686,7.554,0.006,4.353,Purifying
1,20,1.502,1.161,1.206,0.039,0.8443,7.661,Neutral
1,21,0.401,0.395,0.396,0,0.9924,2.517,Neutral
1,22,0,4.334,5.9,0.16,0.6887,37.465,Neutral
1,23,4419.46,0.168,10000,6.519,0.0107,63500.498,Purifying
1,24,1.581,0.315,0.417,0.728,0.3935,2.645,Neutral
1,25,543.4,0.24,1036.719,7.26,0.0071,6583.22,Purifying
1,26,1.249,0.182,0.417,0.636,0.4253,2.65,Neutral
1,27,2675.567,0.267,7618.991,1.163,0.2809,48380.972,Neutral
1,28,0,0,0,0,1,0,Invariable
1,29,0,0,0,0,1,0,Invariable
1,30,0,0,0,0,1,0,Invariable
1,31,0.434,0.578,0.525,0.087,0.7675,3.331,Neutral
1,32,0.045,0.719,0.56,1.006,0.3158,3.559,Neutral
1,33,2.454,0.382,0.54,2.358,0.1246,3.427,Neutral
1,34,0.634,0.32,0.416,0.452,0.5014,2.643,Neutral
1,35,0.835,0.397,0.523,0.737,0.3906,3.324,Neutral
1,36,4.702,0.078,0.311,9.257,0.0023,1.978,Purifying
1,37,0.712,0.285,0.418,0.893,0.3445,2.654,Neutral
1,38,2.424,0,0.338,8.346,0.0039,2.149,Purifying
1,39,1.028,0.073,0.194,3.988,0.0458,1.235,Purifying
1,40,0.28,0.415,0.382,0.091,0.7626,2.423,Neutral
1,41,0.936,0.19,0.345,1.95,0.1626,2.191,Neutral
1,42,98.926,0,0.183,3.443,0.0635,1.16,Purifying
1,43,0,0.154,0.149,0.046,0.831,0.948,Neutral
1,44,1.159,0.274,0.474,1.443,0.2296,3.01,Neutral
1,45,1.097,0.16,0.362,2.03,0.1543,2.3,Neutral
1,46,0.878,0.175,0.37,1.395,0.2375,2.351,Neutral
1,47,3.646,0.166,0.376,2.142,0.1433,2.39,Neutral
1,48,0.615,0.89,0.815,0.041,0.8399,5.178,Neutral
1,49,1.396,0.517,0.812,0.57,0.4504,5.156,Neutral
1,50,1.119,0,0.132,3.883,0.0488,0.839,Purifying
1,51,9.021,1.034,1.855,1.09,0.2965,11.782,Neutral
1,52,0,0.482,0.443,0.537,0.4637,2.815,Neutral
1,53,3137.237,1.04,1717.485,0.47,0.4932,10906.117,Neutral
1,54,0,0.331,0.198,0.981,0.322,1.254,Neutral
1,55,0,0,0,0,1,0,Invariable
1,56,0.586,0.558,0.565,0.001,0.9698,3.586,Neutral
1,57,0.305,0.085,0.134,0.718,0.3967,0.85,Neutral
1,58,0.621,0.145,0.252,0.76,0.3833,1.599,Neutral
1,59,2.621,0.08,0.218,4.623,0.0316,1.385,Purifying
1,60,0,0.284,0.217,1.567,0.2107,1.377,Neutral
1,61,0.567,0.157,0.275,1.721,0.1895,1.747,Neutral
1,62,0.566,0,0.096,3.301,0.0692,0.612,Purifying
1,63,3.125,0.635,0.84,0.893,0.3448,5.333,Neutral
1,64,0,7.478,28.968,0.412,0.5209,183.951,Neutral
1,65,0,5.651,212.817,1.333,0.2483,1351.401,Neutral
1,66,2.003,0.079,0.291,7.728,0.0054,1.851,Purifying
1,67,4.122,0.564,1.017,3.099,0.0783,6.455,Purifying
1,68,0.998,0.463,0.617,0.637,0.4249,3.92,Neutral
1,69,2.406,0.53,0.913,1.388,0.2387,5.8,Neutral
1,70,0.28,0.488,0.438,0.219,0.6396,2.782,Neutral
1,71,9.75,0.675,0.89,3.34,0.0676,5.654,Purifying
1,72,0,0,0,0,1,0,Invariable
1,73,0,0,0,0,1,0,Invariable
1,74,0,0,0,0,1,0,Invariable
1,75,0,0,0,0,1,0,Invariable
1,76,0,0,0,0,1,0,Invariable
1,77,0,0,0,0,1,0,Invariable
1,78,0,0,0,0,1,0,Invariable
1,79,0,0,0,0,1,0,Invariable
1,80,0,0,0,0,1,0,Invariable
1,81,0,0,0,0,1,0,Invariable
1,82,0,0,0,0,1,0,Invariable
1,83,0,0,0,0,1,0,Invariable
1,84,0,0,0,0,1,0,Invariable
1,85,0,0,0,0,1,0,Invariable
1,86,0,0,0,0,1,0,Invariable
1,87,0,0,0,0,1,0,Invariable
1,88,0,0,0,0,1,0,Invariable
1,89,0,0,0,0,1,0,Invariable
1,90,0,0,0,0,1,0,Invariable
1,91,0,0,0,0,1,0,Invariable
1,92,0,0,0,0,1,0,Invariable
1,93,0,0,0,0,1,0,Invariable
1,94,0,0,0,0,1,0,Invariable
1,95,0,0,0,0,1,0,Invariable
1,96,0,0,0,0,1,0,Invariable
1,97,0,0,0,0,1,0,Invariable
1,98,0,0,0,0,1,0,Invariable
1,99,0,0,0,0,1,0,Invariable
1,100,0,0,0,0,1,0,Invariable
1,101,0,0,0,0,1,0,Invariable
1,102,0,0,0,0,1,0,Invariable
1,103,0,0,0,0,1,0,Invariable
1,104,0,0,0,0,1,0,Invariable
1,105,0,0,0,0,1,0,Invariable
1,106,0,0,0,0,1,0,Invariable
1,107,0,0,0,0,1,0,Invariable
1,108,0,0,0,0,1,0,Invariable
1,109,0,0,0,0,1,0,Invariable
1,110,0,0,0,0,1,0,Invariable
1,111,0,0,0,0,1,0,Invariable
1,112,0,0,0,0,1,0,Invariable
1,113,0,0,0,0,1,0,Invariable
1,114,0,0,0,0,1,0,Invariable
1,115,0,0,0,0,1,0,Invariable
1,116,0,0,0,0,1,0,Invariable
1,117,0,0,0,0,1,0,Invariable
1,118,0,0,0,0,1,0,Invariable
1,119,0,0,0,0,1,0,Invariable
1,120,0,0,0,0,1,0,Invariable
1,121,0,0,0,0,1,0,Invariable
1,122,0,0,0,0,1,0,Invariable
1,123,0,0,0,0,1,0,Invariable
1,124,0,0,0,0,1,0,Invariable
1,125,0,0,0,0,1,0,Invariable
1,126,0,0,0,0,1,0,Invariable
1,127,0,0,0,0,1,0,Invariable
1,128,0,0,0,0,1,0,Invariable
1,129,0,0,0,0,1,0,Invariable
1,130,0,0,0,0,1,0,Invariable
1,131,0,0,0,0,1,0,Invariable
1,132,0,0,0,0,1,0,Invariable
1,133,0,0,0,0,1,0,Invariable
1,134,0,0,0,0,1,0,Invariable
1,135,0,0,0,0,1,0,Invariable
1,136,0,0,0,0,1,0,Invariable
1,137,0,0,0,0,1,0,Invariable
1,138,0,0,0,0,1,0,Invariable
1,139,0,0,0,0,1,0,Invariable
1,140,0,0,0,0,1,0,Invariable
1,141,0,0,0,0,1,0,Invariable
1,142,0,0,0,0,1,0,Invariable
1,143,0,0,0,0,1,0,Invariable
1,144,0,0,0,0,1,0,Invariable
1,145,0,0,0,0,1,0,Invariable
1,146,0,0,0,0,1,0,Invariable
1,147,0,0,0,0,1,0,Invariable
1,148,0.831,0.227,0.363,1.791,0.1808,2.303,Neutral
1,149,0.295,0,0.059,3.095,0.0785,0.376,Purifying
1,150,0.795,0.951,0.918,0.026,0.8713,5.829,Neutral
1,151,0.832,0.435,0.507,0.263,0.6083,3.219,Neutral
1,152,14.533,0,0.253,22.319,0,1.609,Purifying
1,153,1.813,0,0.128,8.294,0.004,0.815,Purifying
1,154,4.19,0.251,0.515,4.351,0.037,3.269,Purifying
1,155,0.323,0,0.059,3.177,0.0747,0.374,Purifying
1,156,0.295,0,0.059,3.095,0.0785,0.376,Purifying
1,157,22.917,0.593,2.712,15.299,0.0001,17.219,Purifying
1,158,0,0.511,0.384,2.497,0.1141,2.436,Neutral
1,159,0.191,0.503,0.417,0.681,0.4093,2.647,Neutral
1,160,3.575,0.125,0.374,10.809,0.001,2.377,Purifying
1,161,1.189,1.037,1.077,0.007,0.9316,6.837,Neutral
1,162,0.742,0,0.127,6.519,0.0107,0.808,Purifying
1,163,0.319,0.113,0.144,0.547,0.4594,0.914,Neutral
1,164,2.434,0,0.201,12.053,0.0005,1.274,Purifying
1,165,1.753,0.053,0.273,11.935,0.0006,1.733,Purifying
1,166,6.719,0.663,1.434,7.622,0.0058,9.103,Purifying
1,167,0.362,0.317,0.325,0.008,0.9283,2.065,Neutral
1,168,10000,0.272,1717.485,6.839,0.0089,10906.117,Purifying
1,169,0.579,1.257,1.021,0.245,0.6209,6.482,Neutral
1,170,0,0,0,0,1,0,Invariable
1,171,0,0,0,0,1,0,Invariable
1,172,0,0,0,0,1,0,Invariable
1,173,0,0,0,0,1,0,Invariable
1,174,655.563,0.458,0.63,0.61,0.4349,3.999,Neutral
1,175,3.24,0.101,0.461,7.329,0.0068,2.925,Purifying
1,176,0,0.452,0.275,2.272,0.1317,1.743,Neutral
1,177,0.34,0.421,0.39,0.023,0.8797,2.474,Neutral
1,178,0.827,0.156,0.26,0.681,0.4094,1.649,Neutral
1,179,0,0,0,0,1,0,Invariable
1,180,0,0,0,0,1,0,Invariable
1,181,0,0,0,0,1,0,Invariable
1,182,0,5.829,1947.849,0.876,0.3494,12368.938,Neutral
1,183,0.867,0,0.145,3.306,0.069,0.922,Purifying
1,184,0,0,0,0,1,0,Invariable
1,185,0,0,0,0,1,0,Invariable
1,186,0,0,0,0,1,0,Invariable
1,187,0,0,0,0,1,0,Invariable
1,188,0,0,0,0,1,0,Invariable
1,189,0,0,0,0,1,0,Invariable
1,190,0,0,0,0,1,0,Invariable
1,191,0.278,0.493,0.429,0.315,0.5747,2.724,Neutral
1,192,1.566,0.322,0.547,2.8,0.0943,3.475,Purifying
1,193,1.293,0.406,0.591,1.549,0.2132,3.752,Neutral
1,194,0.404,0.104,0.194,1.346,0.2461,1.234,Neutral
1,195,0.315,0,0.059,3.153,0.0758,0.374,Purifying
1,196,0.445,0,0.112,5.571,0.0183,0.712,Purifying
1,197,6.703,0,0.189,14.917,0.0001,1.202,Purifying
1,198,0.998,0.273,0.434,1.759,0.1847,2.759,Neutral
1,199,0.993,1.053,1.04,0.003,0.9563,6.605,Neutral
1,200,1.788,0.442,0.726,1.943,0.1634,4.612,Neutral
1,201,10.07,1.378,2.886,1.442,0.2298,18.325,Neutral
1,202,1.614,0.143,0.277,4.062,0.0439,1.758,Purifying
1,203,0,0,0,0,1,0,Invariable
1,204,4.396,0.561,0.675,0.565,0.4521,4.288,Neutral
1,205,5.341,0,0.472,7.416,0.0065,2.996,Purifying
1,206,2.179,1.121,1.246,0.189,0.664,7.912,Neutral
1,207,0.268,0.666,0.594,0.319,0.5724,3.77,Neutral
1,208,0.274,0.179,0.194,0.033,0.8561,1.235,Neutral
1,209,2.343,0.305,0.613,4.028,0.0447,3.89,Purifying
1,210,0.395,0.127,0.163,0.575,0.4481,1.035,Neutral
1,211,0.775,0.266,0.35,0.847,0.3575,2.224,Neutral
1,212,4.118,0,0.28,16.224,0.0001,1.777,Purifying
1,213,0.302,0.238,0.255,0.051,0.8209,1.621,Neutral
1,214,11.246,0.319,0.514,4.284,0.0385,3.265,Purifying
1,215,0.267,1.546,0.991,2.871,0.0902,6.296,Diversifying
1,216,1.125,1.153,1.155,0,0.9965,7.332,Neutral
1,217,4.766,0.16,0.325,1.83,0.1761,2.062,Neutral
1,218,12.252,3.835,2.555,-0.02,1,16.222,Neutral
1,219,0,0.238,0.135,1.123,0.2893,0.855,Neutral
1,220,6.679,1.279,1.803,0.026,0.8721,11.452,Neutral
1,221,10000,0.379,7618.991,0.709,0.3998,48380.972,Neutral
1,222,13.57,0.246,0.678,0.593,0.4414,4.307,Neutral
1,223,102.311,0.249,27.038,0.997,0.3181,171.696,Neutral
1,224,0,3.485,25.47,0.137,0.7116,161.736,Neutral
1,225,0,4.842,262.065,0.017,0.8958,1664.125,Neutral
1,226,13.57,0.246,0.678,0.593,0.4414,4.307,Neutral
1,227,0,0,0,0,1,0,Invariable
1,228,0,0,0,0,1,0,Invariable
1,229,0,0,0,0,1,0,Invariable
1,230,0,0,0,0,1,0,Invariable